Model,Accuracy Mean,Accuracy Std,Precision (M) Mean,Precision (M) Std,Recall (M) Mean,Recall (M) Std,F1-score (M) Mean,F1-score (M) Std,MCC Mean,MCC Std,ROC-AUC Mean,ROC-AUC Std,PR-AUC Mean,PR-AUC Std
Logistic Regression,0.9736263736263737,0.014906219743132443,0.9771428571428572,0.027994168488950616,0.9529411764705882,0.03989605872426629,0.9640480895915677,0.020700447685741707,0.944408980272281,0.03130578178663863,0.9957688338493291,0.004665698474904977,0.9949413585778274,0.004587868006333671
Decision Tree,0.9252747252747252,0.030611842367437647,0.9153339062897887,0.04280946589893083,0.8823529411764707,0.05261336417646565,0.8979056993572014,0.041815375231330484,0.8400946810746956,0.06579852738851674,0.9454592363261094,0.03399649287649511,0.9020346492194855,0.06286666777621623
Random Forest,0.9582417582417582,0.023466106048420466,0.9533661594145466,0.03654830768131423,0.9352941176470588,0.04705882352941177,0.9433938355107159,0.03201427062003482,0.91147247053938,0.049815848189320916,0.9875128998968009,0.0071453784821935125,0.9859551891113545,0.007148632900214719
SVM,0.9714285714285713,0.00538349394018279,0.9769459298871064,0.021034707309092283,0.9470588235294116,0.03429971702850178,0.9609865990024022,0.008202524551695465,0.9396890596045017,0.011569493262906386,0.9949432404540763,0.00496429864635942,0.993930598013643,0.00466987247221977
KNN,0.9692307692307691,0.008223422828074567,0.9878676470588236,0.014870403247174034,0.9294117647058823,0.02352941176470589,0.9574742904154668,0.01161546625918727,0.9347916768523579,0.017600563699930558,0.9859649122807017,0.014245224677912062,0.9811789002420159,0.015632559156755346
Naive Bayes,0.9406593406593406,0.026556144996911158,0.9402060178910274,0.04178122432752109,0.9,0.05455069703232768,0.9185135012756496,0.03614564724109765,0.8737177837847673,0.05710345498500469,0.9878224974200206,0.007474641470477544,0.9819951130534719,0.011725481273265871
